{
    "depthInBase": [
        0.04058445567452869,
        0.8502679155274535,
        1.7751484665460437,
        0.010533838270863252,
        0.7106672927482299,
        0.7034312137028724,
        -0.00505617025910985
    ],
    "depthToCloud_offset": {
    },
    "is_eye_in_hand": false,
    "modify_time": "2025-01-12T10:29:04",
    "segment_params": {
        "image_size": [
            1920,
            1200
        ],
        "layer_ini_depth": 1.3,
        "layer_interval": 0.2,
        "region_size": [
            3,
            3
        ]
    },
    "version": "1.8.2"
}
