{
    "camera_id": "NEM20249B4030028",
    "intrinsic_2d_camera": {
        "dist_coefficients": [
            0,
            0,
            0,
            0,
            0
        ],
        "intrinsic": [
            2405.3430616760947,
            2406.570286561324,
            944.3053063728081,
            605.38361715101
        ]
    },
    "intrinsic_3d_camera": {
        "dist_coefficients": [
            0,
            0,
            0,
            0,
            0
        ],
        "intrinsic": [
            2405.3430616760947,
            2406.570286561324,
            944.3053063728081,
            605.38361715101
        ]
    },
    "intrinsic_cam3d_in_cam2d": [
        0,
        0,
        0,
        1,
        0,
        0,
        0
    ],
    "intrinsic_cam3d_pose_in_main": [
        0,
        0,
        0,
        1,
        0,
        0,
        0
    ],
    "modify_time": "2025-01-12T10:14:39"
}
